date,media,sales
2018-01-01,0.0,
2018-01-02,0.9507143064099162,
2018-01-03,0.0,6.25847157313704
2018-01-04,0.0,6.170889436130169
2018-01-05,0.0,5.754668922384219
2018-01-06,0.0,5.968413441312567
2018-01-07,0.0,5.285261978630646
2018-01-08,0.0,5.760531460968955
2018-01-09,0.0,5.468122441476996
2018-01-10,0.0,5.752733150169805
2018-01-11,0.0,5.756951674929235
2018-01-12,0.9699098521619943,6.631131596324248
2018-01-13,0.0,6.567053052750808
2018-01-14,0.0,5.795197514015757
2018-01-15,0.0,5.907401398772862
2018-01-16,0.0,5.552080005736512
2018-01-17,0.0,5.392846482557247
2018-01-18,0.0,5.662252826521201
2018-01-19,0.0,5.312669667476928
2018-01-20,0.0,5.799659180831183
2018-01-21,0.0,5.716143893956898
2018-01-22,0.0,6.035840277338632
2018-01-23,0.0,5.941829141137739
2018-01-24,0.0,5.558311979651967
2018-01-25,0.0,5.695319034141632
2018-01-26,0.0,5.994925577635056
2018-01-27,0.0,6.0894079077263
2018-01-28,0.0,6.19498733087409
2018-01-29,0.0,6.225072282908997
2018-01-30,0.0,5.997030514357022
2018-01-31,0.0,6.1212059849130425
2018-02-01,0.0,6.343032575789925
2018-02-02,0.0,6.0579997833479915
2018-02-03,0.9488855372533332,7.179533577899866
2018-02-04,0.9656320330745594,7.803229096728434
2018-02-05,0.0,7.19824933769664
2018-02-06,0.0,6.637618498615274
2018-02-07,0.0,6.166048442730192
2018-02-08,0.0,6.315294175955506
2018-02-09,0.0,6.172514190865432
2018-02-10,0.0,6.379560333667495
2018-02-11,0.0,6.545240173263971
2018-02-12,0.0,6.375687838338955
2018-02-13,0.9093204020787821,7.442304133959344
2018-02-14,0.0,7.278410630780387
2018-02-15,0.0,7.037161536906822
2018-02-16,0.0,6.615676209633611
2018-02-17,0.0,6.895871836521574
2018-02-18,0.0,6.294347678015828
2018-02-19,0.0,7.337398642166377
2018-02-20,0.9695846277645586,7.579967858403926
2018-02-21,0.0,7.626649400928818
2018-02-22,0.9394989415641891,7.967736300584633
2018-02-23,0.0,7.718722877450023
2018-02-24,0.0,7.325111305418296
2018-02-25,0.9218742350231168,7.740770206517709
2018-02-26,0.0,7.88591239535063
2018-02-27,0.0,7.322935115711555
2018-02-28,0.0,7.148877677584384
2018-03-01,0.0,6.88468017228112
2018-03-02,0.0,7.089874936648914
2018-03-03,0.0,7.523934048443757
2018-03-04,0.0,7.342304504129744
2018-03-05,0.0,7.236953377240454
2018-03-06,0.0,7.110623472727994
2018-03-07,0.0,7.238148839653125
2018-03-08,0.0,7.287670081351681
2018-03-09,0.0,7.360780177291652
2018-03-10,0.0,7.077653637226391
2018-03-11,0.9868869366005173,8.43488290447063
2018-03-12,0.0,7.857170483658461
2018-03-13,0.0,8.05112515031753
2018-03-14,0.0,7.219671603905704
2018-03-15,0.0,7.451790941590975
2018-03-16,0.0,7.611250752901336
2018-03-17,0.0,7.37679199801423
2018-03-18,0.0,7.511721393778724
2018-03-19,0.0,7.746256406563928
2018-03-20,0.0,7.587001312740963
2018-03-21,0.0,7.559408842727629
2018-03-22,0.0,7.164791407697092
2018-03-23,0.0,7.327718928770899
2018-03-24,0.0,7.735819825572344
2018-03-25,0.0,7.651647371494766
2018-03-26,0.0,7.692412012025072
2018-03-27,0.0,7.684889809866647
2018-03-28,0.0,7.824673504790674
2018-03-29,0.0,7.52256378696298
2018-03-30,0.0,7.606264825514471
2018-03-31,0.0,7.382940435448703
2018-04-01,0.0,7.338761037490459
2018-04-02,0.0,7.270478528000141
2018-04-03,0.0,7.426217989568169
2018-04-04,0.0,7.9169432205464325
2018-04-05,0.0,7.298216481300474
2018-04-06,0.0,7.5495330535232235
2018-04-07,0.0,7.352235293972541
2018-04-08,0.0,7.4904400947630645
2018-04-09,0.0,7.643493738629521
2018-04-10,0.0,7.467607310717758
2018-04-11,0.0,7.822803144530786
2018-04-12,0.0,7.9080815507595625
2018-04-13,0.0,7.14707379236448
2018-04-14,0.0,7.455111385484966
2018-04-15,0.907566473926093,8.50515380559534
2018-04-16,0.0,8.484964309758062
2018-04-17,0.0,7.821149581507382
2018-04-18,0.0,7.5595902807439685
2018-04-19,0.0,7.3235036968275615
2018-04-20,0.0,7.238968683929086
2018-04-21,0.0,7.82472535570243
2018-04-22,0.0,7.160449127241234
2018-04-23,0.9296976523425731,8.909845876400109
2018-04-24,0.0,8.345491921266326
2018-04-25,0.0,7.976245637154973
2018-04-26,0.0,7.594858653181527
2018-04-27,0.0,7.417168213933523
2018-04-28,0.0,7.533920638001984
2018-04-29,0.0,7.405451100240498
2018-04-30,0.0,7.541572521236726
2018-05-01,0.0,7.412022781302436
2018-05-02,0.0,7.216642834883822
2018-05-03,0.0,7.220776776710414
2018-05-04,0.0,7.1865188721573325
2018-05-05,0.0,7.566415601447089
2018-05-06,0.0,7.238064766813803
2018-05-07,0.0,6.96898425425701
2018-05-08,0.0,7.421229926124084
2018-05-09,0.0,7.635902112368322
2018-05-10,0.0,7.479501114680416
2018-05-11,0.0,7.196922795420866
2018-05-12,0.0,6.993809893052833
2018-05-13,0.0,7.278845989029739
2018-05-14,0.0,7.269381775458789
2018-05-15,0.9429097039125192,8.046875316521417
2018-05-16,0.0,8.112873924983386
2018-05-17,0.0,8.017221345832395
2018-05-18,0.0,7.3387610596294035
2018-05-19,0.0,7.327609175045308
2018-05-20,0.9717820827209607,8.082294356072815
2018-05-21,0.9624472949421112,9.272421432800424
2018-05-22,0.0,8.37784070411588
2018-05-23,0.0,7.5579711543124315
2018-05-24,0.0,7.333080901930039
2018-05-25,0.0,7.423490143674522
2018-05-26,0.0,7.366936583593189
2018-05-27,0.0,7.591537073476296
2018-05-28,0.0,7.4395000195620025
2018-05-29,0.0,7.319465174025762
2018-05-30,0.0,7.47114346831086
2018-05-31,0.9082658859666537,8.414801859104529
2018-06-01,0.0,7.84523016993548
2018-06-02,0.0,8.011416357161195
2018-06-03,0.0,7.399237565857854
2018-06-04,0.9856504541106007,8.40927261196679
2018-06-05,0.0,8.388169635354775
2018-06-06,0.0,8.03829346216632
2018-06-07,0.0,7.400184512898338
2018-06-08,0.0,7.7224704159474
2018-06-09,0.0,7.4716716491309425
2018-06-10,0.0,7.9697782275665165
2018-06-11,0.0,7.462455246181229
2018-06-12,0.0,7.698243292274276
2018-06-13,0.0,7.516115530280791
2018-06-14,0.0,8.13904064476156
2018-06-15,0.0,7.468624860412602
2018-06-16,0.0,7.84234885589621
2018-06-17,0.0,7.611277288617664
2018-06-18,0.0,7.707614846981441
2018-06-19,0.0,7.888615684218119
2018-06-20,0.0,8.061495561341525
2018-06-21,0.0,8.15903529949221
2018-06-22,0.0,7.543762845946613
2018-06-23,0.0,7.920435637712654
2018-06-24,0.0,8.173376443895812
2018-06-25,0.0,7.557796106924149
2018-06-26,0.0,7.969839120115513
2018-06-27,0.0,7.917315523171681
2018-06-28,0.9367299887367345,8.946755651936003
2018-06-29,0.0,8.483161158010255
2018-06-30,0.0,8.005718637464145
2018-07-01,0.0,7.5639515384915015
2018-07-02,0.9246936182785628,9.070038641288733
2018-07-03,0.0,8.866374624515151
2018-07-04,0.0,8.359797280736121
2018-07-05,0.0,7.844611915480035
2018-07-06,0.0,7.624275189117045
2018-07-07,0.0,6.05752136474238
2018-07-08,0.0,7.719221623176026
2018-07-09,0.0,7.790240634090118
2018-07-10,0.0,7.806956427602587
2018-07-11,0.0,7.875233113701041
2018-07-12,0.9004180571633305,8.652586470774937
2018-07-13,0.0,8.574053978112955
2018-07-14,0.0,8.092326807162546
2018-07-15,0.0,8.005289312231735
2018-07-16,0.0,8.056293087864223
2018-07-17,0.0,7.85603360254146
2018-07-18,0.0,7.910372195043394
2018-07-19,0.0,8.224319826481635
2018-07-20,0.0,7.548615495210095
2018-07-21,0.0,7.518424571555915
2018-07-22,0.0,7.885805227154412
2018-07-23,0.0,8.117619444550094
2018-07-24,0.0,7.657647366490334
2018-07-25,0.0,8.036594388732453
2018-07-26,0.0,7.6921521238465465
2018-07-27,0.0,7.518594637378177
2018-07-28,0.0,7.438919231332331
2018-07-29,0.0,7.745712472111844
2018-07-30,0.0,7.420200916559381
2018-07-31,0.0,7.6035028787243295
2018-08-01,0.0,7.888783789361393
2018-08-02,0.0,7.496458439562065
2018-08-03,0.0,7.807307345348133
2018-08-04,0.0,7.289335926743631
2018-08-05,0.0,7.414325139302742
2018-08-06,0.0,7.229732054599905
2018-08-07,0.0,7.517067221932711
2018-08-08,0.0,7.651098013184402
2018-08-09,0.0,7.504088767677685
2018-08-10,0.0,7.7298241521183755
2018-08-11,0.0,7.331366472425651
2018-08-12,0.0,7.524508130773268
2018-08-13,0.0,7.37364779979223
2018-08-14,0.0,7.552651686110374
2018-08-15,0.9730105547524456,8.556721342585627
2018-08-16,0.0,8.333312465493352
2018-08-17,0.0,7.643396175733913
2018-08-18,0.0,7.321673419422833
2018-08-19,0.0,7.367147080122167
2018-08-20,0.0,7.46996847409267
2018-08-21,0.0,7.546235817215614
2018-08-22,0.0,7.682733717560352
2018-08-23,0.0,7.385020507772911
2018-08-24,0.0,7.249105722512122
2018-08-25,0.0,8.01620537620113
2018-08-26,0.0,7.375519299975829
2018-08-27,0.0,7.786757785388224
2018-08-28,0.0,7.644279808261865
2018-08-29,0.9404585843529143,8.648046883732865
2018-08-30,0.9539285770025874,9.3362720916148
2018-08-31,0.9148643902204485,9.603900642981664
2018-09-01,0.0,8.855633440382299
2018-09-02,0.0,7.995819679895869
2018-09-03,0.9283185625877254,8.923860810035839
2018-09-04,0.0,8.5942596585937
2018-09-05,0.9666548190436696,9.241217892102043
2018-09-06,0.9636199770892528,9.415955126522338
2018-09-07,0.0,8.888915225419918
2018-09-08,0.0,7.996833966457851
2018-09-09,0.0,7.824331105542242
2018-09-10,0.0,7.709204288339727
2018-09-11,0.0,8.200349083596949
2018-09-12,0.0,7.9686132741414015
2018-09-13,0.0,8.012858636960019
2018-09-14,0.936154774160781,8.889551305833969
2018-09-15,0.0,8.75907302627332
2018-09-16,0.0,8.879777883513013
2018-09-17,0.0,7.993250560145757
2018-09-18,0.0,7.939909011165396
2018-09-19,0.9900538501042633,9.181827625041397
2018-09-20,0.0,8.338161970368253
2018-09-21,0.0,8.49880398608213
2018-09-22,0.0,8.053388430356149
2018-09-23,0.0,7.941236909727877
2018-09-24,0.0,8.252172039792475
2018-09-25,0.0,8.171267647154401
2018-09-26,0.0,7.808745776832762
2018-09-27,0.0,8.047570268118598
2018-09-28,0.0,7.6057474434312535
2018-09-29,0.0,8.247446548708359
2018-09-30,0.0,8.249700060626505
2018-10-01,0.9132405525564713,8.950721422527717
2018-10-02,0.0,8.99103170969853
2018-10-03,0.0,8.284826446312955
2018-10-04,0.0,8.00517782744188
2018-10-05,0.0,8.280375741253486
2018-10-06,0.0,8.05649534034049
2018-10-07,0.0,8.177821508923444
2018-10-08,0.0,8.072578740458086
2018-10-09,0.0,8.096907088717249
2018-10-10,0.0,8.09825919515416
2018-10-11,0.0,8.021785014974535
2018-10-12,0.0,8.213874509311662
2018-10-13,0.0,8.016855573725346
2018-10-14,0.0,8.133434628380762
2018-10-15,0.0,7.971195085029146
2018-10-16,0.0,7.795500636604897
2018-10-17,0.0,8.26902561529158
2018-10-18,0.0,8.169363600014869
2018-10-19,0.0,8.50883554897855
2018-10-20,0.0,7.822644360235625
2018-10-21,0.0,7.968660811694976
2018-10-22,0.0,7.962412765496046
2018-10-23,0.0,8.162268049174022
2018-10-24,0.0,7.83784037287008
2018-10-25,0.0,7.678476985532361
2018-10-26,0.0,8.126192594268716
2018-10-27,0.0,7.791733352414997
2018-10-28,0.0,7.999676456788558
2018-10-29,0.0,7.94368772235301
2018-10-30,0.0,7.7509502290160714
2018-10-31,0.0,7.6860903581968865
2018-11-01,0.0,7.604974739718458
2018-11-02,0.9758520794625346,8.61671220660095
2018-11-03,0.0,8.507263750679765
2018-11-04,0.0,7.76648252168191
2018-11-05,0.0,7.536855431754418
2018-11-06,0.0,7.244785863899825
2018-11-07,0.0,7.221262757811203
2018-11-08,0.0,7.363598797170793
2018-11-09,0.0,6.9255778334155975
2018-11-10,0.9626484146779251,8.638307440577725
2018-11-11,0.0,7.6909750520746885
2018-11-12,0.0,7.502751917281107
2018-11-13,0.0,7.323731427193595
2018-11-14,0.0,6.85597435383757
2018-11-15,0.0,6.504667544162934
2018-11-16,0.0,6.811088923733275
2018-11-17,0.0,6.658248452473339
2018-11-18,0.0,6.30938764174603
2018-11-19,0.0,6.751466098310721
2018-11-20,0.0,6.664177956279064
2018-11-21,0.9548652806631941,7.7328842823622574
2018-11-22,0.0,6.966943281936179
2018-11-23,0.0,6.437317646685252
2018-11-24,0.0,6.240649026139378
2018-11-25,0.0,6.2261735247852
2018-11-26,0.0,6.349007999282286
2018-11-27,0.0,6.366926122651231
2018-11-28,0.0,6.247100197619505
2018-11-29,0.0,5.978369194698241
2018-11-30,0.0,6.001434949832546
2018-12-01,0.0,5.631690941149963
2018-12-02,0.0,5.7116709824513565
2018-12-03,0.0,5.358057929885986
2018-12-04,0.0,5.527478090470981
2018-12-05,0.0,5.451780585534849
2018-12-06,0.0,5.698260653842497
2018-12-07,0.0,5.22868718569749
2018-12-08,0.0,5.214200647144749
2018-12-09,0.0,5.166548432068289
2018-12-10,0.0,4.952609244116008
2018-12-11,0.0,4.809142613674213
2018-12-12,0.0,5.157318999678907
2018-12-13,0.0,4.631332134120993
2018-12-14,0.0,4.494127504711488
2018-12-15,0.0,4.83038643139384
2018-12-16,0.0,4.863131406935225
2018-12-17,0.0,4.481315662895055
2018-12-18,0.0,4.427385630753029
2018-12-19,0.0,4.517242306220545
2018-12-20,0.0,4.268600494330335
2018-12-21,0.0,4.20671961241036
2018-12-22,0.0,4.495470028468844
2018-12-23,0.0,4.401200529039136
2018-12-24,0.0,4.506087172829669
2018-12-25,0.9402302414249576,4.901621271935019
2018-12-26,0.0,4.788717482364174
2018-12-27,0.0,4.569153830830157
2018-12-28,0.0,3.9557459425066224
2018-12-29,0.0,4.254056097751674
2018-12-30,0.0,4.359855133828161
2018-12-31,0.9414648087765252,4.933335962994907
2019-01-01,0.0,4.8220631177769135
2019-01-02,0.9611905638239142,5.7183057243047815
2019-01-03,0.9053506419560637,6.108166353655
2019-01-04,0.0,5.324222785171776
2019-01-05,0.0,4.611702638503134
2019-01-06,0.0,4.004993781325146
2019-01-07,0.0,4.274075105207308
2019-01-08,0.0,4.344275865773509
2019-01-09,0.0,4.225614987459148
2019-01-10,0.0,4.187510426002044
2019-01-11,0.0,4.092871089616622
2019-01-12,0.0,4.048015877979227
2019-01-13,0.0,4.056050169674043
2019-01-14,0.0,4.615072111741794
2019-01-15,0.0,4.585620664367336
2019-01-16,0.0,4.519396732619711
2019-01-17,0.0,4.6129597471814305
2019-01-18,0.0,4.787277228995373
2019-01-19,0.0,4.78086293378517
2019-01-20,0.0,4.616732811209795
2019-01-21,0.0,5.1407977897135115
2019-01-22,0.0,5.0944712405568495
2019-01-23,0.0,5.164172995943623
2019-01-24,0.0,5.357555615676274
2019-01-25,0.0,5.107868951924427
2019-01-26,0.9905051420006733,6.585712362105276
2019-01-27,0.0,6.150305811416949
2019-01-28,0.0,6.068486477698548
2019-01-29,0.0,5.750833995699446
2019-01-30,0.0,5.481337218773403
2019-01-31,0.9307573256035647,6.805940203390054
2019-02-01,0.0,6.623602803458883
2019-02-02,0.0,6.3010505520977595
2019-02-03,0.0,6.012582849983018
2019-02-04,0.0,6.099448015637528
2019-02-05,0.0,6.3638453673706445
2019-02-06,0.9025529066795667,7.30348696645242
2019-02-07,0.0,7.051630680523882
2019-02-08,0.0,6.491050718671232
2019-02-09,0.0,6.6311985156047575
2019-02-10,0.0,6.757216024159181
2019-02-11,0.0,7.151507230259855
2019-02-12,0.0,6.984095289993911
2019-02-13,0.9053819764192637,7.370702439186143
2019-02-14,0.0,7.614509733683783
2019-02-15,0.0,7.694626634248033
2019-02-16,0.9500619670508049,8.139004060166359
2019-02-17,0.9506071469375561,8.862815299620296
2019-02-18,0.0,8.451159864598178
2019-02-19,0.0,7.500060638030756
2019-02-20,0.0,7.42803954603111
2019-02-21,0.0,7.344859241294847
2019-02-22,0.0,7.451713224887044
2019-02-23,0.0,7.680159611514384
2019-02-24,0.0,7.3861005988027255
2019-02-25,0.0,7.884161549018305
2019-02-26,0.0,7.595280509035329
2019-02-27,0.0,7.783422588968845
2019-02-28,0.0,7.50082213669087
2019-03-01,0.0,7.97273230841482
2019-03-02,0.0,8.164137990480858
2019-03-03,0.0,7.816238752708274
2019-03-04,0.0,7.73973796279172
2019-03-05,0.0,8.058310189659695
2019-03-06,0.0,8.332952578457924
2019-03-07,0.0,7.789672986315966
2019-03-08,0.0,7.894444547162636
2019-03-09,0.0,8.059368841660975
2019-03-10,0.0,8.01910710121622
2019-03-11,0.0,8.051205134349125
2019-03-12,0.0,7.825808947424218
2019-03-13,0.0,8.390985274530005
2019-03-14,0.0,8.36803225533348
2019-03-15,0.0,7.986227342663203
2019-03-16,0.0,8.641759076408238
2019-03-17,0.0,8.7094913440433
2019-03-18,0.9866395785011755,9.231328501891689
2019-03-19,0.0,9.388412223676928
2019-03-20,0.0,8.689430450809368
2019-03-21,0.0,8.487851855962218
2019-03-22,0.9472485773838587,9.247988262425988
2019-03-23,0.9860010638228709,10.62212059861007
2019-03-24,0.0,9.531966136618612
2019-03-25,0.0,8.903783820797923
2019-03-26,0.0,8.382121159631188
2019-03-27,0.0,8.901604231062912
2019-03-28,0.0,8.914958571652562
2019-03-29,0.0,8.870772134174263
2019-03-30,0.906354385094736,9.647829439166241
2019-03-31,0.0,9.109239714971721
2019-04-01,0.0,9.062768529366771
2019-04-02,0.0,8.557425573927333
2019-04-03,0.0,8.821466385760674
2019-04-04,0.0,8.780946765668627
2019-04-05,0.0,8.425327556979635
2019-04-06,0.0,8.740796945685988
2019-04-07,0.0,8.682333865637597
2019-04-08,0.0,7.984564450528382
2019-04-09,0.0,8.69148389445856
2019-04-10,0.9621725484745419,9.39781783597059
2019-04-11,0.0,9.055844932277736
2019-04-12,0.0,8.6917459987644
2019-04-13,0.0,8.459467262828538
2019-04-14,0.0,8.568271654535188
2019-04-15,0.9632225394406113,9.14698910334798
2019-04-16,0.0,9.200749416728062
2019-04-17,0.969878826707639,9.869265604405163
2019-04-18,0.0,9.504081256332988
2019-04-19,0.0,8.533248634879193
2019-04-20,0.0,8.294689613434617
2019-04-21,0.9929647961193003,9.38887562473856
2019-04-22,0.0,9.296068864310586
2019-04-23,0.0,8.611072418571538
2019-04-24,0.969302535619099,9.485777712791641
2019-04-25,0.0,8.593039571129502
2019-04-26,0.0,8.3428402809256
2019-04-27,0.0,8.276039929604696
2019-04-28,0.0,7.9003474802127975
2019-04-29,0.0,7.9238426254999474
2019-04-30,0.0,8.029542354917314
2019-05-01,0.901158010490989,9.167156543140194
2019-05-02,0.0,8.385367813076297
2019-05-03,0.0,8.438153336830599
2019-05-04,0.9504114840765587,9.201233385322828
2019-05-05,0.0,8.696837157746275
2019-05-06,0.0,8.285277872520634
2019-05-07,0.0,8.063562108797225
2019-05-08,0.0,7.9264099594634665
2019-05-09,0.0,8.225718895352985
2019-05-10,0.0,7.709387760899585
2019-05-11,0.0,7.906754973674454
2019-05-12,0.0,7.945088402505733
2019-05-13,0.0,7.81666725217438
2019-05-14,0.9743948076661665,8.282521871750006
2019-05-15,0.9862107444796029,9.558925261037905
2019-05-16,0.0,9.1526607506982
2019-05-17,0.0,8.388299427361751
2019-05-18,0.0,7.930939620146841
2019-05-19,0.0,7.639440176230763
2019-05-20,0.0,7.939024320700192
2019-05-21,0.0,7.748163460455999
2019-05-22,0.9109271844938425,8.849309774125084
2019-05-23,0.0,8.581960956398898
2019-05-24,0.949799913291924,8.979295918711333
2019-05-25,0.0,8.427647256079863
2019-05-26,0.0,8.333454883507985
2019-05-27,0.0,7.876366512314165
2019-05-28,0.9327284833540133,8.701346357936238
2019-05-29,0.0,8.469445179751716
2019-05-30,0.0,8.26289261655631
2019-05-31,0.0,8.308472130968124
2019-06-01,0.0,7.912051471719284
2019-06-02,0.0,8.03822614564287
2019-06-03,0.9872761293149445,9.073633530926093
2019-06-04,0.0,8.60639509736086
2019-06-05,0.0,8.136909936842196
2019-06-06,0.0,7.941881412604471
2019-06-07,0.9699143978146032,9.195219653947209
2019-06-08,0.0,8.950047075327516
2019-06-09,0.0,8.739026976253276
2019-06-10,0.0,8.284136860324582
2019-06-11,0.0,8.272959079710411
2019-06-12,0.0,8.204116383071225
2019-06-13,0.0,8.531702122545767
2019-06-14,0.0,8.200463053931948
2019-06-15,0.0,8.191239338982552
2019-06-16,0.9997176732861306,9.554817472940456
2019-06-17,0.9966368370739054,9.949051419110178
2019-06-18,0.0,10.101210608342512
2019-06-19,0.0,8.91115356621405
2019-06-20,0.944765729882428,9.560075301094141
2019-06-21,0.0,9.115578410912816
2019-06-22,0.0,8.881407159570104
2019-06-23,0.0,8.524717185622139
2019-06-24,0.0,8.519902068767287
2019-06-25,0.9540510272587224,9.72532102060512
2019-06-26,0.0,9.284830479569285
2019-06-27,0.0,9.233051169171919
2019-06-28,0.0,9.214971426581245
2019-06-29,0.0,8.63170408331878
2019-06-30,0.0,8.727633978184983
2019-07-01,0.0,8.777275791081312
2019-07-02,0.0,9.065719627433976
2019-07-03,0.0,8.686752155171831
2019-07-04,0.0,8.53517033396665
2019-07-05,0.0,8.443243974286553
2019-07-06,0.0,8.67832949250563
2019-07-07,0.0,6.591581728350102
2019-07-08,0.0,9.072561536169918
2019-07-09,0.0,9.011869004286433
2019-07-10,0.0,8.436469259404992
2019-07-11,0.0,8.484835660568136
2019-07-12,0.0,8.623678249922094
2019-07-13,0.0,8.868704370135468
2019-07-14,0.0,8.57950935237352
2019-07-15,0.0,8.416141663465673
2019-07-16,0.0,8.510062009640992
2019-07-17,0.0,8.371292253924183
2019-07-18,0.0,8.591680419495136
2019-07-19,0.0,8.302766521029305
2019-07-20,0.0,8.315218658909432
2019-07-21,0.0,8.621924596850423
2019-07-22,0.0,8.207753550059945
2019-07-23,0.9041586944937484,8.94806387876925
2019-07-24,0.0,9.00192766342082
2019-07-25,0.0,8.543587554037828
2019-07-26,0.0,8.351009928542897
2019-07-27,0.0,8.284771890430735
2019-07-28,0.0,8.188043225477111
2019-07-29,0.0,8.156114596977186
2019-07-30,0.9495206236576421,8.945458888757653
2019-07-31,0.0,8.847734597256563
2019-08-01,0.9265876251614944,9.554813790555192
2019-08-02,0.0,8.574408447969123
2019-08-03,0.0,8.400206518508513
2019-08-04,0.0,8.242660671917097
2019-08-05,0.980032575285477,9.098875715492788
2019-08-06,0.0,8.999150850180037
2019-08-07,0.0,8.242367414195655
2019-08-08,0.0,7.61043011783182
2019-08-09,0.0,8.006722161103106
2019-08-10,0.0,8.031070625033358
2019-08-11,0.0,8.226200125369349
2019-08-12,0.0,8.186125732555865
2019-08-13,0.0,8.053863706031654
2019-08-14,0.0,8.09965396837801
2019-08-15,0.0,7.910309273890158
2019-08-16,0.0,7.708968442108594
2019-08-17,0.0,7.982446578575518
2019-08-18,0.0,8.163484028950508
2019-08-19,0.0,8.108217599112079
2019-08-20,0.0,8.155535734162818
2019-08-21,0.0,7.916839453320529
2019-08-22,0.0,7.964611334929397
2019-08-23,0.0,8.131368126700186
2019-08-24,0.0,7.943887230548414
2019-08-25,0.0,7.969998803112472
2019-08-26,0.0,8.154038458828863
2019-08-27,0.0,8.269162162840903
2019-08-28,0.0,8.100742568338518
2019-08-29,0.0,7.932689928508769
2019-08-30,0.0,8.043740308606369
2019-08-31,0.0,8.257981358067266
2019-09-01,0.0,8.282546605865544
2019-09-02,0.0,8.320011107642745
2019-09-03,0.0,8.403944798751457
2019-09-04,0.0,8.329047210874752
2019-09-05,0.0,8.409249633069338
2019-09-06,0.0,8.375618814294135
2019-09-07,0.0,8.642669718697913
2019-09-08,0.9208724005318132,9.64835917984758
2019-09-09,0.0,8.921648982153883
2019-09-10,0.0,8.790425957989687
2019-09-11,0.0,8.529514736113896
2019-09-12,0.0,8.495775216250019
2019-09-13,0.0,8.933202920649226
2019-09-14,0.0,8.644051108144893
2019-09-15,0.0,8.461923706467056
2019-09-16,0.0,8.765041556361407
2019-09-17,0.0,8.721646435398418
2019-09-18,0.0,8.748864274447829
2019-09-19,0.0,9.068989010844362
2019-09-20,0.0,8.79571690378533
2019-09-21,0.0,8.68168152483156
2019-09-22,0.0,8.366875914520048
2019-09-23,0.0,8.738993205838199
2019-09-24,0.0,9.045999545512146
2019-09-25,0.0,8.777866348925826
2019-09-26,0.0,8.357922889755054
2019-09-27,0.0,8.714611578844695
2019-09-28,0.0,9.019675861547746
2019-09-29,0.0,8.935646630652114
2019-09-30,0.0,8.662334244656936
2019-10-01,0.0,8.71955689405824
2019-10-02,0.0,8.751248073690281
2019-10-03,0.0,8.700093738037822
2019-10-04,0.0,8.4244187421008
2019-10-05,0.0,8.979259646623728
2019-10-06,0.0,9.072613258618588
2019-10-07,0.0,8.510644338078794
2019-10-08,0.0,9.054711297542728
2019-10-09,0.0,8.775416291712295
2019-10-10,0.0,9.029599991447581
2019-10-11,0.0,8.779185760713307
2019-10-12,0.0,8.784191632105653
2019-10-13,0.0,8.815514740699287
2019-10-14,0.0,8.565408459255709
2019-10-15,0.0,8.943187417342589
2019-10-16,0.0,8.459229623322635
2019-10-17,0.0,8.580750301014678
2019-10-18,0.0,8.742058679057564
2019-10-19,0.0,8.50976944042285
2019-10-20,0.0,8.73985161840365
2019-10-21,0.0,8.83056021903198
2019-10-22,0.0,8.727210370967752
2019-10-23,0.0,8.105030135824165
2019-10-24,0.9865152487929797,9.469690645546518
2019-10-25,0.0,9.367543429205686
2019-10-26,0.0,8.490549223421322
2019-10-27,0.0,8.488791871713808
2019-10-28,0.0,8.435711495795376
2019-10-29,0.0,8.015943036221737
2019-10-30,0.0,8.379297854279939
2019-10-31,0.0,8.218986951976268
2019-11-01,0.0,8.244383881558768
2019-11-02,0.0,7.868729278330284
2019-11-03,0.0,8.037489716653843
2019-11-04,0.0,7.609709422925056
2019-11-05,0.0,7.436230462571288
2019-11-06,0.0,7.85843219463169
2019-11-07,0.9823786169086064,8.969074917363443
2019-11-08,0.0,8.487914635856725
2019-11-09,0.0,7.987858868528039
2019-11-10,0.9694704332753689,8.49337557182848
2019-11-11,0.0,8.02690487346247
2019-11-12,0.0,7.732057037945236
2019-11-13,0.0,7.419457632292884
2019-11-14,0.0,7.168029242531061
2019-11-15,0.0,7.322893282543336
2019-11-16,0.9293759891275858,8.056847561995387
2019-11-17,0.0,7.762062957950645
2019-11-18,0.0,7.439170021070581
2019-11-19,0.0,6.716865505081095
2019-11-20,0.0,6.861488430233275
2019-11-21,0.0,6.557916331428276
2019-11-22,0.0,6.607031829257782
2019-11-23,0.0,6.31233528266779
2019-11-24,0.0,6.160289372207362
2019-11-25,0.0,6.2604712196483145
2019-11-26,0.0,5.763612292994602
2019-11-27,0.0,5.979007566166003
2019-11-28,0.0,5.613828047509294
2019-11-29,0.0,5.987214882901525
2019-11-30,0.0,5.937274808986625
2019-12-01,0.0,5.450173385428663
2019-12-02,0.0,5.604377776024775
2019-12-03,0.0,5.594556027330894
2019-12-04,0.0,5.491726595291849
2019-12-05,0.0,5.251350634666749
2019-12-06,0.0,5.253511456656032
2019-12-07,0.9899602323899452,5.866139252912469
2019-12-08,0.0,5.665984719592821
2019-12-09,0.0,5.087246471703555
2019-12-10,0.0,4.567161878750583
2019-12-11,0.0,4.627812966745765
2019-12-12,0.0,4.5992273960218615
2019-12-13,0.0,4.674228850345843
2019-12-14,0.0,4.409289877521402
2019-12-15,0.0,4.402539152311444
2019-12-16,0.0,4.326097712727281
2019-12-17,0.9295291442478258,5.587383445437532
2019-12-18,0.0,4.384229379539677
2019-12-19,0.9650269106665126,5.157887601146484
2019-12-20,0.0,4.93748249397029
2019-12-21,0.0,4.151840639095837
2019-12-22,0.9383404568210378,4.921922752234374
2019-12-23,0.0,4.5070129384150555
2019-12-24,0.0,4.485929285602772
2019-12-25,0.0,3.45121410108974
2019-12-26,0.0,3.884179761290771
2019-12-27,0.0,3.9610185977685544
2019-12-28,0.0,3.3848807538957204
2019-12-29,0.0,3.7264555820545833
2019-12-30,0.0,3.3644124998650558
2019-12-31,0.0,3.5567304326225884
2020-01-01,0.0,3.5002416208251814
2020-01-02,0.0,3.078151666802478
2020-01-03,0.0,3.6562584268372404
2020-01-04,0.0,3.6183191191446094
2020-01-05,0.0,3.9091851530291537
2020-01-06,0.0,3.7647256135276934
2020-01-07,0.0,4.135125392961312
2020-01-08,0.0,3.738031845266636
2020-01-09,0.0,3.7402985741858292
2020-01-10,0.0,3.7742895079460377
2020-01-11,0.0,3.777828780907148
2020-01-12,0.0,3.4834523765246552
2020-01-13,0.0,3.944718247390101
2020-01-14,0.0,3.643255781895153
2020-01-15,0.0,4.219423286031357
2020-01-16,0.0,3.9571101429409175
2020-01-17,0.0,4.106063255996915
2020-01-18,0.0,4.234335569883045
2020-01-19,0.9064721109645469,5.320242038501763
2020-01-20,0.0,5.225540800857124
2020-01-21,0.0,5.19346940687384
2020-01-22,0.9398321236134751,5.5558398580348625
2020-01-23,0.0,5.6295722907019865
2020-01-24,0.0,5.826474991899672
2020-01-25,0.0,5.104322360009279
2020-01-26,0.0,5.0952866021633625
2020-01-27,0.0,5.079385201481969
2020-01-28,0.0,5.30123543099435
2020-01-29,0.0,5.2685592888764505
2020-01-30,0.0,5.6058173455495535
2020-01-31,0.0,5.679425743501842
2020-02-01,0.0,7.83303137916972
2020-02-02,0.0,8.368431696659115
2020-02-03,0.0,8.693741458296978
2020-02-04,0.0,8.504559008935068
2020-02-05,0.0,8.558979960306118
2020-02-06,0.0,8.518323848064485
2020-02-07,0.0,8.525525030382518
2020-02-08,0.0,9.165445855549336
2020-02-09,0.0,9.063575105865846
2020-02-10,0.0,9.353472080787242
2020-02-11,0.0,9.602902872459472
2020-02-12,0.0,9.576713712518659
2020-02-13,0.0,9.37796502878755
2020-02-14,0.0,9.607442361310738
2020-02-15,0.0,9.545513428525327
2020-02-16,0.0,9.614706026173955
2020-02-17,0.0,9.910656358999503
2020-02-18,0.0,9.759145730296643
2020-02-19,0.0,9.565024591196797
2020-02-20,0.0,9.908182185655054
2020-02-21,0.0,10.101075137050588
2020-02-22,0.0,10.54103832184595
2020-02-23,0.0,10.210538989270962
2020-02-24,0.0,10.480740173159962
2020-02-25,0.9084505613336283,11.320441445245745
2020-02-26,0.0,11.437250473911302
2020-02-27,0.0,11.145399682302102
2020-02-28,0.0,10.868951359014535
2020-02-29,0.9472833396118153,11.29236115798053
2020-03-01,0.0,11.499625251624682
2020-03-02,0.0,11.308600441792125
2020-03-03,0.0,10.929510037660163
2020-03-04,0.0,11.030038659720747
2020-03-05,0.0,10.961842846187842
2020-03-06,0.0,10.846645700626164
2020-03-07,0.9321182824836124,11.631748301045395
2020-03-08,0.0,11.65052817455037
2020-03-09,0.0,12.005319228268824
2020-03-10,0.9224993811772957,11.983254606754913
2020-03-11,0.0,11.493782978252966
2020-03-12,0.0,11.720356359222452
2020-03-13,0.0,11.431316399950667
2020-03-14,0.0,11.548284909703538
2020-03-15,0.0,11.413896907331855
2020-03-16,0.0,11.51601026394375
2020-03-17,0.9343670147690148,12.67481565168835
2020-03-18,0.9255685129067763,12.873511801355164
2020-03-19,0.0,12.274269047977974
2020-03-20,0.0,11.567223085283723
2020-03-21,0.9848411989623346,12.389687857193602
2020-03-22,0.0,12.50063976234607
2020-03-23,0.0,11.965954366993511
2020-03-24,0.9208418826173723,12.523682908719936
2020-03-25,0.0,11.844324005327907
2020-03-26,0.0,11.735054361506718
2020-03-27,0.0,11.170431700265093
2020-03-28,0.0,11.779359366855381
2020-03-29,0.0,11.868140478208295
2020-03-30,0.0,11.711173970626167
2020-03-31,0.0,11.360496587657705
2020-04-01,0.0,11.855191710887967
2020-04-02,0.0,11.507408181166738
2020-04-03,0.0,11.312778368506457
2020-04-04,0.0,11.35874290772183
2020-04-05,0.9198556164127605,12.37975069833363
2020-04-06,0.0,12.238395997971235
2020-04-07,0.0,11.84230191769702
2020-04-08,0.0,11.236520977273104
2020-04-09,0.0,11.749565482607625
2020-04-10,0.0,11.463076122669927
2020-04-11,0.0,11.33522475863678
2020-04-12,0.0,11.6833389545706
2020-04-13,0.0,11.206472842248203
2020-04-14,0.0,11.097878704020186
2020-04-15,0.0,11.657345016746792
2020-04-16,0.9148459010681,12.6739177080674
2020-04-17,0.0,11.951286655808778
2020-04-18,0.0,11.667133633814263
2020-04-19,0.0,11.078616221405493
2020-04-20,0.0,11.28283064053656
2020-04-21,0.0,11.159569044175292
2020-04-22,0.0,11.206564190248528
2020-04-23,0.9610703174694551,12.241605997832341
2020-04-24,0.0,11.671083972270218
2020-04-25,0.0,11.428830710959108
2020-04-26,0.0,10.750698707745839
2020-04-27,0.9968742518459474,12.007908275586946
2020-04-28,0.0,11.781624215829039
2020-04-29,0.0,11.443087794846297
2020-04-30,0.0,11.042510001550367
2020-05-01,0.0,11.14697365098256
2020-05-02,0.0,10.63045394976011
2020-05-03,0.0,10.614074031612823
2020-05-04,0.0,10.990946453255168
2020-05-05,0.0,10.452208615968246
2020-05-06,0.0,10.87266213034895
2020-05-07,0.0,10.577231041277857
2020-05-08,0.0,11.106553195942226
2020-05-09,0.0,10.822316104203232
2020-05-10,0.0,10.710280156645737
2020-05-11,0.0,10.983300592311327
2020-05-12,0.0,10.510581840885276
2020-05-13,0.0,10.536040153897435
2020-05-14,0.0,10.447929318757119
2020-05-15,0.0,10.518823831144687
2020-05-16,0.0,10.697844067857606
2020-05-17,0.0,10.78043249214808
2020-05-18,0.0,10.87222239916427
2020-05-19,0.9461154621336327,11.261710726263427
2020-05-20,0.0,11.358681512589472
2020-05-21,0.0,10.821887912938891
2020-05-22,0.0,10.655257378810058
2020-05-23,0.0,11.173044177505531
2020-05-24,0.0,10.776759338128059
2020-05-25,0.0,10.912691199223069
2020-05-26,0.0,11.141527662016262
2020-05-27,0.0,10.993564152333573
2020-05-28,0.0,10.69924437702314
2020-05-29,0.0,10.556335272738087
2020-05-30,0.0,10.829983473286562
2020-05-31,0.0,10.748703674802435
2020-06-01,0.0,10.585170218637858
2020-06-02,0.0,10.967551777481107
2020-06-03,0.0,11.003155447226625
2020-06-04,0.0,11.335580175668971
2020-06-05,0.0,10.94219072777389
2020-06-06,0.0,11.10419595247335
2020-06-07,0.0,10.949372980774395
2020-06-08,0.0,11.29189583543925
2020-06-09,0.0,11.127443414575394
2020-06-10,0.0,10.953083680313641
2020-06-11,0.0,11.220087802487113
2020-06-12,0.0,11.335826511609355
2020-06-13,0.0,11.343290845681848
2020-06-14,0.0,11.53532057407095
2020-06-15,0.0,11.069644764340017
2020-06-16,0.0,11.222854621937866
2020-06-17,0.0,11.550367230738427
2020-06-18,0.0,11.307055055978502
2020-06-19,0.0,11.528434299046875
2020-06-20,0.0,11.023001625721415
2020-06-21,0.0,12.074985951969046
2020-06-22,0.0,11.500799598384283
2020-06-23,0.0,11.814457574557071
2020-06-24,0.0,11.527072805561122
2020-06-25,0.0,11.693939559931065
2020-06-26,0.0,11.923603455344843
2020-06-27,0.0,11.870196239751056
2020-06-28,0.0,11.60549240529669
2020-06-29,0.0,11.62616453349085
2020-06-30,0.0,11.858209183352077
2020-07-01,0.0,12.125852833342929
2020-07-02,0.0,11.696789735637877
2020-07-03,0.0,12.0463043769827
2020-07-04,0.0,11.60061888194707
2020-07-05,0.0,11.830792393168794
2020-07-06,0.9484533069621567,12.798122644457994
2020-07-07,0.0,10.245427896665591
2020-07-08,0.0,11.806658259511664
2020-07-09,0.0,11.811578639104212
2020-07-10,0.0,11.456162791209191
2020-07-11,0.0,11.361569230700683
2020-07-12,0.0,11.37973029584067
2020-07-13,0.0,11.383737091509694
2020-07-14,0.0,11.6349214799204
2020-07-15,0.0,11.53790044094439
2020-07-16,0.0,11.548035493311748
2020-07-17,0.0,11.458079145919513
2020-07-18,0.0,11.222996966389541
2020-07-19,0.0,11.448389665108133
2020-07-20,0.0,11.512089709098618
2020-07-21,0.9844021807035521,12.343143441173085
2020-07-22,0.0,12.036114506730247
2020-07-23,0.0,11.389650069297536
2020-07-24,0.0,11.182476740969408
2020-07-25,0.0,10.942628510266479
2020-07-26,0.914298806560499,11.983276499827477
2020-07-27,0.0,11.399282480593461
2020-07-28,0.0,11.026686522719002
2020-07-29,0.0,10.941915304447713
2020-07-30,0.0,10.84145132881524
2020-07-31,0.0,10.944890706941562
2020-08-01,0.0,10.870498541570438
2020-08-02,0.0,10.879070565208753
2020-08-03,0.0,10.97212145807024
2020-08-04,0.0,10.737016837711952
2020-08-05,0.9000186418481051,11.667078819811453
2020-08-06,0.0,11.760346060136055
2020-08-07,0.0,11.118012014986599
2020-08-08,0.0,10.73185644668899
2020-08-09,0.0,10.774317268056054
2020-08-10,0.0,10.718006929119943
2020-08-11,0.9144119459249598,11.5176213805961
2020-08-12,0.0,11.22856717503093
2020-08-13,0.0,10.932223192689445
2020-08-14,0.0,10.918621693026036
2020-08-15,0.0,10.622460799983664
2020-08-16,0.0,10.724198854330739
2020-08-17,0.0,10.904365815491794
2020-08-18,0.0,10.719811450031424
2020-08-19,0.0,10.915601937835884
2020-08-20,0.0,10.496302035883597
2020-08-21,0.0,10.795491566165335
2020-08-22,0.0,10.857214826473388
2020-08-23,0.0,10.867305211958406
2020-08-24,0.0,10.555023736981196
2020-08-25,0.0,11.150728214926353
2020-08-26,0.0,10.76511141130891
2020-08-27,0.0,11.030304425081184
2020-08-28,0.0,10.993315628493061
2020-08-29,0.936829739324758,12.158755397529818
2020-08-30,0.0,12.191657647356466
2020-08-31,0.0,11.175878166952902
2020-09-01,0.0,10.984562518137944
2020-09-02,0.0,11.18432644510968
2020-09-03,0.0,10.957911903431203
2020-09-04,0.0,11.368061623340877
2020-09-05,0.0,11.412968002340016
2020-09-06,0.0,11.3887381178188
2020-09-07,0.0,11.356469870183405
2020-09-08,0.0,11.615018777774255
2020-09-09,0.0,11.141366114350621
2020-09-10,0.0,11.416327144082562
2020-09-11,0.0,11.285546221508985
2020-09-12,0.0,11.640463102964144
2020-09-13,0.0,11.124019349856901
2020-09-14,0.0,11.512214686842604
2020-09-15,0.0,11.610867312856266
2020-09-16,0.0,11.379068438212038
2020-09-17,0.0,11.466757171648442
2020-09-18,0.0,11.617109094078547
2020-09-19,0.0,11.825636179804638
2020-09-20,0.0,11.447114627781245
2020-09-21,0.0,11.49950713740383
2020-09-22,0.0,11.9122159645456
2020-09-23,0.9173135754622428,12.564072543639222
2020-09-24,0.0,12.246408992118182
2020-09-25,0.9502373538208024,13.16477110986013
2020-09-26,0.0,12.348988620679801
2020-09-27,0.0,12.303175204591605
2020-09-28,0.0,11.614252878539773
2020-09-29,0.0,11.718957108759746
2020-09-30,0.0,11.941977471811368
2020-10-01,0.0,11.708062879851937
2020-10-02,0.0,11.903081345858213
2020-10-03,0.0,11.735541043314072
2020-10-04,0.0,12.13999470253057
2020-10-05,0.0,12.05064593398091
2020-10-06,0.0,11.46273517764934
2020-10-07,0.0,11.822499526944911
2020-10-08,0.987668007996647,12.530367376916965
2020-10-09,0.9440593396866133,13.415253786013068
2020-10-10,0.0,12.76862828930749
2020-10-11,0.0,11.802096861829142
2020-10-12,0.9252483174156658,12.776933882902338
2020-10-13,0.0,12.353631151019702
2020-10-14,0.0,11.886307725770122
2020-10-15,0.9154882975880418,12.399564628265917
2020-10-16,0.0,12.259852791263238
2020-10-17,0.0,11.94189512505583
2020-10-18,0.0,11.461839339954247
2020-10-19,0.9243961953765304,11.81264118299591
2020-10-20,0.9710582451653678,13.088445693794526
2020-10-21,0.9442664891134339,13.115600364801956
2020-10-22,0.0,12.377093520522443
2020-10-23,0.0,11.379705250702335
2020-10-24,0.0,10.980986817361881
2020-10-25,0.0,11.466920041373506
2020-10-26,0.0,11.109280080077745
2020-10-27,0.0,11.045113596320391
2020-10-28,0.0,11.16979394336397
2020-10-29,0.0,10.945660583588282
2020-10-30,0.0,11.384627521395041
2020-10-31,0.0,10.850901004830323
2020-11-01,0.0,10.917674762159043
2020-11-02,0.0,10.975446523529387
2020-11-03,0.0,11.035742600910062
2020-11-04,0.0,10.498315031364402
2020-11-05,0.0,10.491908907289144
2020-11-06,0.0,10.756542524806171
2020-11-07,0.0,10.587078929376794
2020-11-08,0.0,10.560853501332723
2020-11-09,0.0,9.990136398858889
2020-11-10,0.0,10.488849573566176
2020-11-11,0.0,9.939669129657055
2020-11-12,0.0,10.0404641471769
2020-11-13,0.0,9.87980537527759
2020-11-14,0.0,9.638633771996673
2020-11-15,0.0,9.434197453291967
2020-11-16,0.0,9.267872814475837
2020-11-17,0.0,9.538029350696918
2020-11-18,0.9390676985128962,10.043552446453571
2020-11-19,0.0,9.78025568912918
2020-11-20,0.9979341105333375,10.500331082709158
2020-11-21,0.0,9.303777155512345
2020-11-22,0.0,9.500588152049705
2020-11-23,0.0,8.374470134730064
2020-11-24,0.0,8.725426955342853
2020-11-25,0.0,8.627114646686751
2020-11-26,0.0,8.613883030471905
2020-11-27,0.9840834691992951,9.36333471082868
2020-11-28,0.0,9.409922443432958
2020-11-29,0.0,8.560865600361478
2020-11-30,0.0,8.239425329818785
2020-12-01,0.0,7.764227878044215
2020-12-02,0.0,7.813629636132102
2020-12-03,0.0,7.980152247287678
2020-12-04,0.0,7.505129495144896
2020-12-05,0.0,7.474289668486104
2020-12-06,0.0,7.516609361000979
2020-12-07,0.0,7.058291528374641
2020-12-08,0.0,6.662710025918253
2020-12-09,0.0,7.036691346670705
2020-12-10,0.9877223897360315,8.064140857285633
2020-12-11,0.0,7.245130858670389
2020-12-12,0.0,7.1781265261923775
2020-12-13,0.0,6.711528442363354
2020-12-14,0.0,6.02754446480712
2020-12-15,0.9499611839502253,7.15497920024691
2020-12-16,0.0,6.939792076804906
2020-12-17,0.0,6.545434739211688
2020-12-18,0.0,5.999797019775651
2020-12-19,0.0,5.917211177652273
2020-12-20,0.9447320222914103,7.288929455692429
2020-12-21,0.0,6.6355282502290756
2020-12-22,0.0,6.107833669529947
2020-12-23,0.0,5.834067798784098
2020-12-24,0.9911686261369765,6.896433557426499
2020-12-25,0.0,6.513042354196877
2020-12-26,0.9427317741351257,7.000177745668101
2020-12-27,0.0,6.277682152240156
2020-12-28,0.0,5.901722429846058
2020-12-29,0.0,5.547368538416941
2020-12-30,0.0,5.7273627287630715
2020-12-31,0.0,5.459822455858452
2021-01-01,0.0,5.738770204513289
2021-01-02,0.0,5.951364117398233
2021-01-03,0.0,5.748923151406288
2021-01-04,0.0,5.631205525542933
2021-01-05,0.0,5.473100023845079
2021-01-06,0.9691026301408113,7.0512323217404465
2021-01-07,0.0,6.299194570908189
2021-01-08,0.927752283195213,7.313073548589075
2021-01-09,0.9949078226464353,7.72227069839021
2021-01-10,0.0,7.007901694087418
2021-01-11,0.0,6.344488130958706
2021-01-12,0.0,5.724996630315132
2021-01-13,0.0,6.231418074728058
2021-01-14,0.0,6.367565219437488
2021-01-15,0.0,6.1086230221342195
2021-01-16,0.0,6.38258225806003
2021-01-17,0.0,6.512828859420038
2021-01-18,0.0,6.7176283045364915
2021-01-19,0.0,6.700616195849969
2021-01-20,0.0,6.477148507092554
2021-01-21,0.0,6.80212172605644
2021-01-22,0.0,7.061592412037661
2021-01-23,0.0,7.296110046624985
2021-01-24,0.0,7.117709753155585
2021-01-25,0.0,7.794211325724164
2021-01-26,0.9556514982297534,8.050610885537358
2021-01-27,0.0,8.19647238302689
2021-01-28,0.0,8.054025212373077
2021-01-29,0.0,7.792796769995826
2021-01-30,0.0,7.70782868608424
2021-01-31,0.0,8.165504333536443
2021-02-01,0.0,8.27193487619757
2021-02-02,0.0,8.328954795424321
2021-02-03,0.0,8.507002147514159
2021-02-04,0.0,8.476545170435253
2021-02-05,0.0,8.357673315807217
2021-02-06,0.0,8.656634907622013
2021-02-07,0.0,8.94896694135643
2021-02-08,0.0,9.0662907955234
2021-02-09,0.0,9.156625213178394
2021-02-10,0.0,9.37096155666335
2021-02-11,0.0,9.255978344477834
2021-02-12,0.0,9.486515537309096
2021-02-13,0.0,9.702433597062674
2021-02-14,0.0,9.67562934471761
2021-02-15,0.0,9.546196596009723
2021-02-16,0.0,9.702397272383129
2021-02-17,0.0,10.158208294864824
2021-02-18,0.0,10.36532607978151
2021-02-19,0.0,10.414086000788416
2021-02-20,0.0,10.315026085402037
2021-02-21,0.0,10.114875899732912
2021-02-22,0.0,10.438465639190767
2021-02-23,0.0,10.83373965835894
2021-02-24,0.0,10.723859771569288
2021-02-25,0.0,10.634870260037252
2021-02-26,0.0,10.875641183534588
2021-02-27,0.0,10.566957006515063
2021-02-28,0.0,10.750019645440862
2021-03-01,0.0,10.738064736214783
2021-03-02,0.0,11.112035029946313
2021-03-03,0.0,11.22166824813807
2021-03-04,0.0,11.106361725964037
2021-03-05,0.0,11.018418036680481
2021-03-06,0.0,11.242575202410363
2021-03-07,0.0,11.200420986755649
2021-03-08,0.0,11.187452459379973
2021-03-09,0.0,11.461218787875078
2021-03-10,0.0,11.286383781903574
2021-03-11,0.0,11.167146385802424
2021-03-12,0.0,11.251940535867298
2021-03-13,0.0,11.238409958324059
2021-03-14,0.0,11.644850258242831
2021-03-15,0.0,11.659734541965763
2021-03-16,0.0,11.682112034651706
2021-03-17,0.9811861780274235,12.7911698205836
2021-03-18,0.0,12.69524494618105
2021-03-19,0.0,11.997096838555342
2021-03-20,0.0,11.853673259310002
2021-03-21,0.0,11.479369410746008
2021-03-22,0.0,12.09209991765814
2021-03-23,0.0,11.586613230276082
2021-03-24,0.0,11.710943384327152
2021-03-25,0.0,11.748956567766035
2021-03-26,0.9629920038589946,12.539931894333336
2021-03-27,0.0,12.622801934641544
2021-03-28,0.0,12.307942551259654
2021-03-29,0.9320281055100175,12.806324727721368
2021-03-30,0.0,12.309427270298112
2021-03-31,0.9372284872364511,13.60627960438897
2021-04-01,0.0,12.738165056115186
2021-04-02,0.0,12.804360178860009
2021-04-03,0.0,11.763812923156474
2021-04-04,0.0,12.113314379277437
2021-04-05,0.0,12.072623850601442
2021-04-06,0.0,11.851821371370978
2021-04-07,0.0,12.183462517184026
2021-04-08,0.0,11.809652114876577
2021-04-09,0.0,11.80622590528667
2021-04-10,0.0,11.170004741664982
2021-04-11,0.9734889691773969,12.903722576139524
2021-04-12,0.9688778552856915,13.264749400065
2021-04-13,0.0,12.793197250862338
2021-04-14,0.0,11.948871765093454
2021-04-15,0.0,11.69515778519573
2021-04-16,0.0,11.833323044392333
2021-04-17,0.0,11.721520565989445
2021-04-18,0.0,11.834652753960423
2021-04-19,0.0,11.918061834398943
2021-04-20,0.0,11.562267025001209
2021-04-21,0.0,11.51038886214216
2021-04-22,0.0,11.766823770710342
2021-04-23,0.0,11.7510842312076
2021-04-24,0.9971245001577111,12.656661742007572
2021-04-25,0.0,12.036051844338662
2021-04-26,0.0,11.903941518120421
2021-04-27,0.0,11.433990398689692
2021-04-28,0.0,11.58912012507746
2021-04-29,0.0,11.230619907684526
2021-04-30,0.0,10.978668404494682
2021-05-01,0.0,11.417206449620405
2021-05-02,0.0,10.73518418915631
2021-05-03,0.0,11.0689422496477
2021-05-04,0.0,10.979838930757657
2021-05-05,0.9508635622504104,11.899590270294329
2021-05-06,0.0,11.68944741444657
2021-05-07,0.0,11.698854936802807
2021-05-08,0.9436159201675989,12.180688833642048
2021-05-09,0.0,11.706080352575995
2021-05-10,0.0,11.606781528051668
2021-05-11,0.0,10.793090901877974
2021-05-12,0.0,10.747228205904463
2021-05-13,0.9839776479598282,12.12701494460628
2021-05-14,0.0,11.809865628207596
2021-05-15,0.0,11.220825286541597
2021-05-16,0.0,10.707106951300744
2021-05-17,0.0,11.21891039728619
2021-05-18,0.0,10.578220420168611
2021-05-19,0.0,10.800392006853876
2021-05-20,0.0,10.966222425001968
2021-05-21,0.0,11.283984547945886
2021-05-22,0.0,11.005837771733129
2021-05-23,0.9681934279147217,12.001753062319752
2021-05-24,0.0,11.560641863343298
2021-05-25,0.0,11.438575619316286
2021-05-26,0.0,10.998811731951589
2021-05-27,0.0,10.678445686241645
2021-05-28,0.0,11.175482891408894
2021-05-29,0.0,11.234009640128004
2021-05-30,0.0,11.225812629728008
2021-05-31,0.0,11.099070625722723
2021-06-01,0.0,10.930362782053685
2021-06-02,0.9208478478156868,11.611589422872994
2021-06-03,0.0,11.907240597105716
2021-06-04,0.0,11.780989872725847
2021-06-05,0.0,11.453782487805384
2021-06-06,0.0,11.454406724859698
2021-06-07,0.0,11.313803164748673
2021-06-08,0.0,11.584335440304816
2021-06-09,0.0,11.590417969101608
2021-06-10,0.0,11.360145184846598
2021-06-11,0.0,11.619215600554655
2021-06-12,0.0,11.415858737035904
2021-06-13,0.0,11.669932451457273
2021-06-14,0.0,11.340496332372702
2021-06-15,0.0,11.39357867441796
2021-06-16,0.0,11.886470401636025
2021-06-17,0.0,11.898056971514157
2021-06-18,0.0,11.871697957116783
2021-06-19,0.0,11.79552809043932
2021-06-20,0.0,11.330986915492463
2021-06-21,0.0,11.823752379000533
2021-06-22,0.0,11.957067439158726
2021-06-23,0.0,11.784654717483573
2021-06-24,0.0,11.772201831802366
2021-06-25,0.0,12.224286626077479
2021-06-26,0.0,11.941536216077653
2021-06-27,0.0,12.060134985181275
2021-06-28,0.0,12.136890011427809
2021-06-29,0.0,11.791900259291026
2021-06-30,0.0,12.038135085245635
2021-07-01,0.9866625932671464,13.25453453526919
2021-07-02,0.0,13.10935513267787
2021-07-03,0.0,12.38218457316239
2021-07-04,0.0,11.952420033919353
2021-07-05,0.0,12.046774161229367
2021-07-06,0.0,12.031850062860181
2021-07-07,0.0,10.247878035164351
2021-07-08,0.0,11.755975474012686
2021-07-09,0.0,11.881418325598826
2021-07-10,0.0,11.69361810262072
2021-07-11,0.0,11.691911482298664
2021-07-12,0.0,11.944689513975339
2021-07-13,0.0,12.004292530309117
2021-07-14,0.0,11.683444209978195
2021-07-15,0.0,11.936962344900142
2021-07-16,0.0,11.972472725581547
2021-07-17,0.0,12.1032866537397
2021-07-18,0.0,11.695247705314255
2021-07-19,0.0,11.517258662375717
2021-07-20,0.0,11.407791896106946
2021-07-21,0.0,11.350368988285723
2021-07-22,0.0,11.782699706333219
2021-07-23,0.0,11.191524588263308
2021-07-24,0.0,11.699887536669337
2021-07-25,0.9362122462436898,12.180859258916351
2021-07-26,0.0,11.945860806397164
2021-07-27,0.0,11.66453311739333
2021-07-28,0.0,11.166869046797231
2021-07-29,0.0,11.458838813175245
2021-07-30,0.0,11.601149527660336
2021-07-31,0.0,11.074406950005372
2021-08-01,0.0,11.08840444472548
2021-08-02,0.0,11.112854188141702
2021-08-03,0.0,11.226255115353862
2021-08-04,0.0,11.061871636631771
2021-08-05,0.0,11.346672427423462
2021-08-06,0.0,11.27744185018496
2021-08-07,0.0,10.792267328286586
2021-08-08,0.0,11.117232253350341
2021-08-09,0.0,11.303297022106028
2021-08-10,0.0,10.889036799752487
2021-08-11,0.0,10.920524304646744
2021-08-12,0.0,10.86780744723882
2021-08-13,0.0,10.868708943023224
2021-08-14,0.0,10.635818646906023
2021-08-15,0.0,10.705896358337274
2021-08-16,0.0,10.991745866489246
2021-08-17,0.9758652558191313,12.262131395424797
2021-08-18,0.0,11.60262144819754
2021-08-19,0.0,11.243129831060193
2021-08-20,0.0,11.360786363220901
2021-08-21,0.0,10.815906751852706
2021-08-22,0.0,10.724613183339718
2021-08-23,0.0,10.912581340077173
2021-08-24,0.0,10.969151381612095
2021-08-25,0.0,10.777516409011756
2021-08-26,0.9963339160567419,12.124772230335829
2021-08-27,0.9747931621467831,13.094419231732786
2021-08-28,0.0,12.060308607121641
2021-08-29,0.0,11.627237445804099
2021-08-30,0.0,11.35590256223703
2021-08-31,0.0,11.293567120045058
2021-09-01,0.0,11.38173772529105
2021-09-02,0.0,11.419084575640165
2021-09-03,0.0,11.25259584009974
2021-09-04,0.0,11.750720949011587
2021-09-05,0.0,11.736599247599164
2021-09-06,0.0,11.761096060645677
2021-09-07,0.0,11.761782333232606
2021-09-08,0.0,11.279701014539471
2021-09-09,0.0,11.815128686314628
2021-09-10,0.9876495637360578,12.783333266490533
2021-09-11,0.0,12.131934930881352
2021-09-12,0.0,12.05898999894592
2021-09-13,0.0,11.819101759318906
2021-09-14,0.0,12.127668234387118
2021-09-15,0.0,11.96962429788047
2021-09-16,0.0,11.680352325914237
2021-09-17,0.0,12.219546229187475
2021-09-18,0.9007018640112585,12.815660138904663
2021-09-19,0.0,12.554746325193387
2021-09-20,0.0,12.22529460650524
2021-09-21,0.0,11.649128535411542
2021-09-22,0.912363345616691,12.883395186847123
2021-09-23,0.0,12.794114221318033
2021-09-24,0.0,12.29093392897071
2021-09-25,0.0,12.123629792656414
2021-09-26,0.0,11.878431956233218
2021-09-27,0.0,12.032977693829434
2021-09-28,0.0,12.132388197796793
2021-09-29,0.909032520665641,13.022011635405725
2021-09-30,0.0,12.43973541377273
